TIMESTAMP;DB_SET/QUERY;JOIN_PERMUTATION;JOIN_ID;FEATURES
# CREATED AT [2024-02-22T14:16:18]
[2024-02-22T14:16:18];ssb/q21;0,1,2;0;[[6001173.0, 2406, 64, 5072.0, 5, 1.0, 19920101.0, 19980802.0, 60701.0], [2557.0, 2557, 64, 11048.0, 5, 1.0, 19920101.0, 19981231.0, 61130.0], [10884335.830162218, 15344999361.0, 6152142.0, 0.0007093083273646295, 2.0, 0.0]]
[2024-02-22T14:16:18];ssb/q21;0,1,2;1;[[10884335.830162218, 200000, 64, 16120.0, 5, 2.0, 1.0, 200000.0, 199999.0], [8071.0, 200000, 64, 14520.0, 5, 1.0, 1.0, 200000.0, 199999.0], [15812508.225847263, 87847474485.23926, 40000000000.0, 0.00017999957674940547, 3.0, 0.0]]
[2024-02-22T14:16:18];ssb/q21;0,1,2;2;[[15812508.225847263, 2000, 64, 30640.0, 5, 3.0, 1.0, 2000.0, 1999.0], [378.0, 2000, 64, 12400.0, 5, 1.0, 1.0, 2000.0, 1999.0], [2988564.0546851354, 5977128109.370265, 4000000.0, 0.0005000000000000004, 4.0, 0.0]]
[2024-02-22T14:16:19];ssb/q31;0,1,2;0;[[6001173.0, 20000, 64, 5072.0, 5, 1.0, 1.0, 29999.0, 29998.0], [6051.0, 30000, 64, 14456.0, 5, 1.0, 1.0, 30000.0, 29999.0], [7117441.2161514005, 36313097823.0, 600000000.0, 0.00019600203901203256, 2.0, 0.0]]
[2024-02-22T14:16:19];ssb/q31;0,1,2;1;[[7117441.2161514005, 2000, 64, 19528.0, 5, 2.0, 1.0, 2000.0, 1999.0], [449.0, 2000, 64, 12400.0, 5, 1.0, 1.0, 2000.0, 1999.0], [1597865.5530259905, 3195731106.0519786, 4000000.0, 0.0005000000000000003, 3.0, 0.0]]
[2024-02-22T14:16:19];ssb/q31;0,1,2;2;[[1597865.5530259905, 2406, 64, 31928.0, 5, 3.0, 19920101.0, 19980802.0, 60701.0], [1198.1964460305155, 2557, 64, 11048.0, 5, 1.0, 19920101.0, 19981231.0, 61130.0], [1358011.1005119232, 1914556826.870326, 6152142.0, 0.0007093083273646293, 4.0, 0.0]]
[2024-02-22T14:16:21];ssb/q41;0,1,2,3;0;[[6001173.0, 20000, 64, 5072.0, 5, 1.0, 1.0, 29999.0, 29998.0], [5992.0, 30000, 64, 14456.0, 5, 1.0, 1.0, 30000.0, 29999.0], [7048042.929628027, 35959028616.0, 600000000.0, 0.00019600203901203253, 2.0, 0.0]]
[2024-02-22T14:16:21];ssb/q41;0,1,2,3;1;[[7048042.929628027, 2000, 64, 19528.0, 5, 2.0, 1.0, 2000.0, 1999.0], [378.0, 2000, 64, 12400.0, 5, 1.0, 1.0, 2000.0, 1999.0], [1332080.113699698, 2664160227.399394, 4000000.0, 0.0005000000000000003, 3.0, 0.0]]
[2024-02-22T14:16:21];ssb/q41;0,1,2,3;2;[[1332080.113699698, 200000, 64, 31928.0, 5, 3.0, 1.0, 200000.0, 199999.0], [79720.0, 200000, 64, 14520.0, 5, 1.0, 1.0, 200000.0, 199999.0], [19114771.853114214, 106193426664.13992, 40000000000.0, 0.00017999957674940545, 4.0, 0.0]]
[2024-02-22T14:16:21];ssb/q41;0,1,2,3;3;[[19114771.853114214, 2406, 64, 46448.0, 5, 4.0, 19920101.0, 19980802.0, 60701.0], [2557.0, 2557, 64, 11048.0, 5, 1.0, 19920101.0, 19981231.0, 61130.0], [34668488.33823443, 48876471628.41305, 6152142.0, 0.0007093083273646296, 5.0, 0.0]]
[2024-02-22T14:16:22];ssb/q42;0,1,2,3;0;[[6001173.0, 20000, 64, 5072.0, 5, 1.0, 1.0, 29999.0, 29998.0], [5992.0, 30000, 64, 14456.0, 5, 1.0, 1.0, 30000.0, 29999.0], [7048042.929628027, 35959028616.0, 600000000.0, 0.00019600203901203253, 2.0, 0.0]]
[2024-02-22T14:16:22];ssb/q42;0,1,2,3;1;[[7048042.929628027, 2000, 64, 19528.0, 5, 2.0, 1.0, 2000.0, 1999.0], [378.0, 2000, 64, 12400.0, 5, 1.0, 1.0, 2000.0, 1999.0], [1332080.113699698, 2664160227.399394, 4000000.0, 0.0005000000000000003, 3.0, 0.0]]
[2024-02-22T14:16:22];ssb/q42;0,1,2,3;2;[[1332080.113699698, 200000, 64, 31928.0, 5, 3.0, 1.0, 200000.0, 199999.0], [79720.0, 200000, 64, 14520.0, 5, 1.0, 1.0, 200000.0, 199999.0], [19114771.853114218, 106193426664.13992, 40000000000.0, 0.0001799995767494055, 4.0, 0.0]]
[2024-02-22T14:16:22];ssb/q42;0,1,2,3;3;[[19114771.853114218, 2406, 64, 46448.0, 5, 4.0, 19920101.0, 19980802.0, 60701.0], [730.5714285714286, 2557, 64, 11048.0, 5, 1.0, 19920101.0, 19981231.0, 61130.0], [9905282.382352691, 13964706179.546587, 6152142.0, 0.0007093083273646292, 5.0, 0.0]]
[2024-02-22T14:16:23];ssb/q43;0,1,2,3;0;[[6001173.0, 20000, 64, 5072.0, 5, 1.0, 1.0, 29999.0, 29998.0], [5992.0, 30000, 64, 14456.0, 5, 1.0, 1.0, 30000.0, 29999.0], [7048042.929628027, 35959028616.0, 600000000.0, 0.00019600203901203253, 2.0, 0.0]]
[2024-02-22T14:16:23];ssb/q43;0,1,2,3;1;[[7048042.929628027, 2000, 64, 19528.0, 5, 2.0, 1.0, 2000.0, 1999.0], [76.0, 2000, 64, 12400.0, 5, 1.0, 1.0, 2000.0, 1999.0], [267825.63132586516, 535651262.65173, 4000000.0, 0.0005000000000000003, 3.0, 0.0]]
[2024-02-22T14:16:23];ssb/q43;0,1,2,3;2;[[267825.63132586516, 200000, 64, 31928.0, 5, 3.0, 1.0, 200000.0, 199999.0], [8040.0, 200000, 64, 14520.0, 5, 1.0, 1.0, 200000.0, 199999.0], [387596.34226163634, 2153318075.859956, 40000000000.0, 0.00017999957674940553, 4.0, 0.0]]
[2024-02-22T14:16:23];ssb/q43;0,1,2,3;3;[[387596.34226163634, 2406, 64, 46448.0, 5, 4.0, 19920101.0, 19980802.0, 60701.0], [730.5714285714286, 2557, 64, 11048.0, 5, 1.0, 19920101.0, 19981231.0, 61130.0], [200852.5788312264, 283166813.475144, 6152142.0, 0.0007093083273646293, 5.0, 0.0]]
[2024-02-22T14:16:24];ssb/q21;1,2,0;1;[[6001173.0, 200000, 64, 5072.0, 5, 1.0, 1.0, 200000.0, 199999.0], [8071.0, 200000, 64, 14520.0, 5, 1.0, 1.0, 200000.0, 199999.0], [8718363.610599678, 48435467283.0, 40000000000.0, 0.0001799995767494055, 2.0, 0.0]]
[2024-02-22T14:16:24];ssb/q21;1,2,0;2;[[8718363.610599678, 2000, 64, 19592.0, 5, 2.0, 1.0, 2000.0, 1999.0], [378.0, 2000, 64, 12400.0, 5, 1.0, 1.0, 2000.0, 1999.0], [1647770.72240334, 3295541444.8066783, 4000000.0, 0.0005000000000000002, 3.0, 0.0]]
[2024-02-22T14:16:24];ssb/q21;1,2,0;0;[[1647770.72240334, 2406, 64, 31992.0, 5, 3.0, 19920101.0, 19980802.0, 60701.0], [2557.0, 2557, 64, 11048.0, 5, 1.0, 19920101.0, 19981231.0, 61130.0], [2988564.054685135, 4213349737.1853404, 6152142.0, 0.0007093083273646294, 4.0, 0.0]]
[2024-02-22T14:16:25];ssb/q31;1,2,0;1;[[6001173.0, 2000, 64, 5072.0, 5, 1.0, 1.0, 2000.0, 1999.0], [449.0, 2000, 64, 12400.0, 5, 1.0, 1.0, 2000.0, 1999.0], [1347263.3385000008, 2694526677.0, 4000000.0, 0.0005000000000000003, 2.0, 0.0]]
[2024-02-22T14:16:25];ssb/q31;1,2,0;2;[[1347263.3385000008, 2406, 64, 17472.0, 5, 2.0, 19920101.0, 19980802.0, 60701.0], [1198.1964460305155, 2557, 64, 11048.0, 5, 1.0, 19920101.0, 19981231.0, 61130.0], [1145026.6047296121, 1614286144.0579083, 6152142.0, 0.0007093083273646294, 3.0, 0.0]]
[2024-02-22T14:16:25];ssb/q31;1,2,0;0;[[1145026.6047296121, 20000, 64, 28520.0, 5, 3.0, 1.0, 29999.0, 29998.0], [6051.0, 30000, 64, 14456.0, 5, 1.0, 1.0, 30000.0, 29999.0], [1358011.1005119232, 6928555985.218883, 600000000.0, 0.00019600203901203256, 4.0, 0.0]]
[2024-02-22T14:16:26];ssb/q41;1,2,3,0;1;[[6001173.0, 2000, 64, 5072.0, 5, 1.0, 1.0, 2000.0, 1999.0], [378.0, 2000, 64, 12400.0, 5, 1.0, 1.0, 2000.0, 1999.0], [1134221.6970000006, 2268443394.0, 4000000.0, 0.0005000000000000002, 2.0, 0.0]]
[2024-02-22T14:16:26];ssb/q41;1,2,3,0;2;[[1134221.6970000006, 200000, 64, 17472.0, 5, 2.0, 1.0, 200000.0, 199999.0], [79720.0, 200000, 64, 14520.0, 5, 1.0, 1.0, 200000.0, 199999.0], [16275589.392887406, 90420153684.84006, 40000000000.0, 0.00017999957674940547, 3.0, 0.0]]
[2024-02-22T14:16:26];ssb/q41;1,2,3,0;3;[[16275589.392887406, 2406, 64, 31992.0, 5, 3.0, 19920101.0, 19980802.0, 60701.0], [2557.0, 2557, 64, 11048.0, 5, 1.0, 19920101.0, 19981231.0, 61130.0], [29519059.154937305, 41616682077.6131, 6152142.0, 0.0007093083273646296, 4.0, 0.0]]
[2024-02-22T14:16:26];ssb/q41;1,2,3,0;0;[[29519059.154937305, 20000, 64, 43040.0, 5, 4.0, 1.0, 29999.0, 29998.0], [5992.0, 30000, 64, 14456.0, 5, 1.0, 1.0, 30000.0, 29999.0], [34668488.338234425, 176878202456.38434, 600000000.0, 0.00019600203901203248, 5.0, 0.0]]
[2024-02-22T14:16:27];ssb/q42;1,2,3,0;1;[[6001173.0, 2000, 64, 5072.0, 5, 1.0, 1.0, 2000.0, 1999.0], [378.0, 2000, 64, 12400.0, 5, 1.0, 1.0, 2000.0, 1999.0], [1134221.6970000006, 2268443394.0, 4000000.0, 0.0005000000000000002, 2.0, 0.0]]
[2024-02-22T14:16:27];ssb/q42;1,2,3,0;2;[[1134221.6970000006, 200000, 64, 17472.0, 5, 2.0, 1.0, 200000.0, 199999.0], [79720.0, 200000, 64, 14520.0, 5, 1.0, 1.0, 200000.0, 199999.0], [16275589.392887406, 90420153684.84006, 40000000000.0, 0.00017999957674940547, 3.0, 0.0]]
[2024-02-22T14:16:27];ssb/q42;1,2,3,0;3;[[16275589.392887406, 2406, 64, 31992.0, 5, 3.0, 19920101.0, 19980802.0, 60701.0], [730.5714285714286, 2557, 64, 11048.0, 5, 1.0, 19920101.0, 19981231.0, 61130.0], [8434016.901410658, 11890480593.603743, 6152142.0, 0.0007093083273646295, 4.0, 0.0]]
[2024-02-22T14:16:27];ssb/q42;1,2,3,0;0;[[8434016.901410658, 20000, 64, 43040.0, 5, 4.0, 1.0, 29999.0, 29998.0], [5992.0, 30000, 64, 14456.0, 5, 1.0, 1.0, 30000.0, 29999.0], [9905282.382352693, 50536629273.25266, 600000000.0, 0.0001960020390120325, 5.0, 0.0]]
[2024-02-22T14:16:28];ssb/q43;1,2,3,0;1;[[6001173.0, 2000, 64, 5072.0, 5, 1.0, 1.0, 2000.0, 1999.0], [76.0, 2000, 64, 12400.0, 5, 1.0, 1.0, 2000.0, 1999.0], [228044.57400000014, 456089148.0, 4000000.0, 0.0005000000000000003, 2.0, 0.0]]
[2024-02-22T14:16:28];ssb/q43;1,2,3,0;2;[[228044.57400000014, 200000, 64, 17472.0, 5, 2.0, 1.0, 200000.0, 199999.0], [8040.0, 200000, 64, 14520.0, 5, 1.0, 1.0, 200000.0, 199999.0], [330025.331471988, 1833478374.9600012, 40000000000.0, 0.0001799995767494055, 3.0, 0.0]]
[2024-02-22T14:16:28];ssb/q43;1,2,3,0;3;[[330025.331471988, 2406, 64, 31992.0, 5, 3.0, 19920101.0, 19980802.0, 60701.0], [730.5714285714286, 2557, 64, 11048.0, 5, 1.0, 19920101.0, 19981231.0, 61130.0], [171019.2581255946, 241107077.87824953, 6152142.0, 0.0007093083273646294, 4.0, 0.0]]
[2024-02-22T14:16:28];ssb/q43;1,2,3,0;0;[[171019.2581255946, 20000, 64, 43040.0, 5, 4.0, 1.0, 29999.0, 29998.0], [5992.0, 30000, 64, 14456.0, 5, 1.0, 1.0, 30000.0, 29999.0], [200852.5788312264, 1024747394.6885629, 600000000.0, 0.00019600203901203253, 5.0, 0.0]]
[2024-02-22T14:16:30];ssb/q21;1,0,2;1;[[6001173.0, 200000, 64, 5072.0, 5, 1.0, 1.0, 200000.0, 199999.0], [8071.0, 200000, 64, 14520.0, 5, 1.0, 1.0, 200000.0, 199999.0], [8718363.610599678, 48435467283.0, 40000000000.0, 0.0001799995767494055, 2.0, 0.0]]
[2024-02-22T14:16:30];ssb/q21;1,0,2;0;[[8718363.610599678, 2406, 64, 19592.0, 5, 2.0, 19920101.0, 19980802.0, 60701.0], [2557.0, 2557, 64, 11048.0, 5, 1.0, 19920101.0, 19981231.0, 61130.0], [15812508.225847263, 22292855752.303375, 6152142.0, 0.0007093083273646293, 3.0, 0.0]]
[2024-02-22T14:16:30];ssb/q21;1,0,2;2;[[15812508.225847263, 2000, 64, 30640.0, 5, 3.0, 1.0, 2000.0, 1999.0], [378.0, 2000, 64, 12400.0, 5, 1.0, 1.0, 2000.0, 1999.0], [2988564.0546851354, 5977128109.370265, 4000000.0, 0.0005000000000000004, 4.0, 0.0]]
[2024-02-22T14:16:31];ssb/q31;1,0,2;1;[[6001173.0, 2000, 64, 5072.0, 5, 1.0, 1.0, 2000.0, 1999.0], [449.0, 2000, 64, 12400.0, 5, 1.0, 1.0, 2000.0, 1999.0], [1347263.3385000008, 2694526677.0, 4000000.0, 0.0005000000000000003, 2.0, 0.0]]
[2024-02-22T14:16:31];ssb/q31;1,0,2;0;[[1347263.3385000008, 20000, 64, 17472.0, 5, 2.0, 1.0, 29999.0, 29998.0], [6051.0, 30000, 64, 14456.0, 5, 1.0, 1.0, 30000.0, 29999.0], [1597865.5530259903, 8152290461.263505, 600000000.0, 0.00019600203901203253, 3.0, 0.0]]
[2024-02-22T14:16:31];ssb/q31;1,0,2;2;[[1597865.5530259903, 2406, 64, 31928.0, 5, 3.0, 19920101.0, 19980802.0, 60701.0], [1198.1964460305155, 2557, 64, 11048.0, 5, 1.0, 19920101.0, 19981231.0, 61130.0], [1358011.1005119232, 1914556826.8703258, 6152142.0, 0.0007093083273646294, 4.0, 0.0]]
[2024-02-22T14:16:32];ssb/q41;1,3,0,2;1;[[6001173.0, 2000, 64, 5072.0, 5, 1.0, 1.0, 2000.0, 1999.0], [378.0, 2000, 64, 12400.0, 5, 1.0, 1.0, 2000.0, 1999.0], [1134221.6970000006, 2268443394.0, 4000000.0, 0.0005000000000000002, 2.0, 0.0]]
[2024-02-22T14:16:32];ssb/q41;1,3,0,2;3;[[1134221.6970000006, 2406, 64, 17472.0, 5, 2.0, 19920101.0, 19980802.0, 60701.0], [2557.0, 2557, 64, 11048.0, 5, 1.0, 19920101.0, 19981231.0, 61130.0], [2057139.4719006603, 2900204879.2290015, 6152142.0, 0.0007093083273646295, 3.0, 0.0]]
[2024-02-22T14:16:32];ssb/q41;1,3,0,2;0;[[2057139.4719006603, 20000, 64, 28520.0, 5, 3.0, 1.0, 29999.0, 29998.0], [5992.0, 30000, 64, 14456.0, 5, 1.0, 1.0, 30000.0, 29999.0], [2415995.5578997945, 12326379715.628757, 600000000.0, 0.00019600203901203256, 4.0, 0.0]]
[2024-02-22T14:16:32];ssb/q41;1,3,0,2;2;[[2415995.5578997945, 200000, 64, 42976.0, 5, 4.0, 1.0, 200000.0, 199999.0], [79720.0, 200000, 64, 14520.0, 5, 1.0, 1.0, 200000.0, 199999.0], [34668488.338234425, 192603165875.7716, 40000000000.0, 0.00017999957674940547, 5.0, 0.0]]
[2024-02-22T14:16:33];ssb/q42;1,3,0,2;1;[[6001173.0, 2000, 64, 5072.0, 5, 1.0, 1.0, 2000.0, 1999.0], [378.0, 2000, 64, 12400.0, 5, 1.0, 1.0, 2000.0, 1999.0], [1134221.6970000006, 2268443394.0, 4000000.0, 0.0005000000000000002, 2.0, 0.0]]
[2024-02-22T14:16:33];ssb/q42;1,3,0,2;3;[[1134221.6970000006, 2406, 64, 17472.0, 5, 2.0, 19920101.0, 19980802.0, 60701.0], [730.5714285714286, 2557, 64, 11048.0, 5, 1.0, 19920101.0, 19981231.0, 61130.0], [587754.13482876, 828629965.4940004, 6152142.0, 0.0007093083273646294, 3.0, 0.0]]
[2024-02-22T14:16:33];ssb/q42;1,3,0,2;0;[[587754.13482876, 20000, 64, 28520.0, 5, 3.0, 1.0, 29999.0, 29998.0], [5992.0, 30000, 64, 14456.0, 5, 1.0, 1.0, 30000.0, 29999.0], [690284.4451142269, 3521822775.8939304, 600000000.0, 0.00019600203901203253, 4.0, 0.0]]
[2024-02-22T14:16:33];ssb/q42;1,3,0,2;2;[[690284.4451142269, 200000, 64, 42976.0, 5, 4.0, 1.0, 200000.0, 199999.0], [79720.0, 200000, 64, 14520.0, 5, 1.0, 1.0, 200000.0, 199999.0], [9905282.382352693, 55029475964.506165, 40000000000.0, 0.0001799995767494055, 5.0, 0.0]]
[2024-02-22T14:16:34];ssb/q43;1,3,0,2;1;[[6001173.0, 2000, 64, 5072.0, 5, 1.0, 1.0, 2000.0, 1999.0], [76.0, 2000, 64, 12400.0, 5, 1.0, 1.0, 2000.0, 1999.0], [228044.57400000014, 456089148.0, 4000000.0, 0.0005000000000000003, 2.0, 0.0]]
[2024-02-22T14:16:34];ssb/q43;1,3,0,2;3;[[228044.57400000014, 2406, 64, 17472.0, 5, 2.0, 19920101.0, 19980802.0, 60701.0], [730.5714285714286, 2557, 64, 11048.0, 5, 1.0, 19920101.0, 19981231.0, 61130.0], [118172.78901318985, 166602850.20514295, 6152142.0, 0.0007093083273646294, 3.0, 0.0]]
[2024-02-22T14:16:34];ssb/q43;1,3,0,2;0;[[118172.78901318985, 20000, 64, 28520.0, 5, 3.0, 1.0, 29999.0, 29998.0], [5992.0, 30000, 64, 14456.0, 5, 1.0, 1.0, 30000.0, 29999.0], [138787.348753125, 708091351.7670336, 600000000.0, 0.0001960020390120326, 4.0, 0.0]]
[2024-02-22T14:16:34];ssb/q43;1,3,0,2;2;[[138787.348753125, 200000, 64, 42976.0, 5, 4.0, 1.0, 200000.0, 199999.0], [8040.0, 200000, 64, 14520.0, 5, 1.0, 1.0, 200000.0, 199999.0], [200852.57883122636, 1115850283.975125, 40000000000.0, 0.00017999957674940542, 5.0, 0.0]]
[2024-02-22T14:16:35];ssb/q21;2,1,0;2;[[6001173.0, 2000, 64, 5072.0, 5, 1.0, 1.0, 2000.0, 1999.0], [378.0, 2000, 64, 12400.0, 5, 1.0, 1.0, 2000.0, 1999.0], [1134221.6970000006, 2268443394.0, 4000000.0, 0.0005000000000000002, 2.0, 0.0]]
[2024-02-22T14:16:35];ssb/q21;2,1,0;1;[[1134221.6970000006, 200000, 64, 17472.0, 5, 2.0, 1.0, 200000.0, 199999.0], [8071.0, 200000, 64, 14520.0, 5, 1.0, 1.0, 200000.0, 199999.0], [1647770.72240334, 9154303316.487005, 40000000000.0, 0.0001799995767494055, 3.0, 0.0]]
[2024-02-22T14:16:35];ssb/q21;2,1,0;0;[[1647770.72240334, 2406, 64, 31992.0, 5, 3.0, 19920101.0, 19980802.0, 60701.0], [2557.0, 2557, 64, 11048.0, 5, 1.0, 19920101.0, 19981231.0, 61130.0], [2988564.054685135, 4213349737.1853404, 6152142.0, 0.0007093083273646294, 4.0, 0.0]]
[2024-02-22T14:16:36];ssb/q31;2,1,0;2;[[6001173.0, 2406, 64, 5072.0, 5, 1.0, 19920101.0, 19980802.0, 60701.0], [1198.1964460305155, 2557, 64, 11048.0, 5, 1.0, 19920101.0, 19981231.0, 61130.0], [5100341.223739917, 7190584160.614286, 6152142.0, 0.0007093083273646294, 2.0, 0.0]]
[2024-02-22T14:16:36];ssb/q31;2,1,0;1;[[5100341.223739917, 2000, 64, 16120.0, 5, 2.0, 1.0, 2000.0, 1999.0], [449.0, 2000, 64, 12400.0, 5, 1.0, 1.0, 2000.0, 1999.0], [1145026.6047296124, 2290053209.459223, 4000000.0, 0.0005000000000000004, 3.0, 0.0]]
[2024-02-22T14:16:36];ssb/q31;2,1,0;0;[[1145026.6047296124, 20000, 64, 28520.0, 5, 3.0, 1.0, 29999.0, 29998.0], [6051.0, 30000, 64, 14456.0, 5, 1.0, 1.0, 30000.0, 29999.0], [1358011.1005119234, 6928555985.218884, 600000000.0, 0.00019600203901203256, 4.0, 0.0]]
[2024-02-22T14:16:37];ssb/q41;3,2,0,1;3;[[6001173.0, 2406, 64, 5072.0, 5, 1.0, 19920101.0, 19980802.0, 60701.0], [2557.0, 2557, 64, 11048.0, 5, 1.0, 19920101.0, 19981231.0, 61130.0], [10884335.830162218, 15344999361.0, 6152142.0, 0.0007093083273646295, 2.0, 0.0]]
[2024-02-22T14:16:37];ssb/q41;3,2,0,1;2;[[10884335.830162218, 200000, 64, 16120.0, 5, 2.0, 1.0, 200000.0, 199999.0], [79720.0, 200000, 64, 14520.0, 5, 1.0, 1.0, 200000.0, 199999.0], [156185498.17427132, 867699252380.532, 40000000000.0, 0.00017999957674940547, 3.0, 0.0]]
[2024-02-22T14:16:37];ssb/q41;3,2,0,1;0;[[156185498.17427132, 20000, 64, 30640.0, 5, 3.0, 1.0, 29999.0, 29998.0], [5992.0, 30000, 64, 14456.0, 5, 1.0, 1.0, 30000.0, 29999.0], [183431155.22875345, 935863505060.2338, 600000000.0, 0.00019600203901203253, 4.0, 0.0]]
[2024-02-22T14:16:37];ssb/q41;3,2,0,1;1;[[183431155.22875345, 2000, 64, 45096.0, 5, 4.0, 1.0, 2000.0, 1999.0], [378.0, 2000, 64, 12400.0, 5, 1.0, 1.0, 2000.0, 1999.0], [34668488.338234425, 69336976676.4688, 4000000.0, 0.0005000000000000003, 5.0, 0.0]]
[2024-02-22T14:16:39];ssb/q42;3,2,0,1;3;[[6001173.0, 2406, 64, 5072.0, 5, 1.0, 19920101.0, 19980802.0, 60701.0], [730.5714285714286, 2557, 64, 11048.0, 5, 1.0, 19920101.0, 19981231.0, 61130.0], [3109810.237189205, 4384285531.714286, 6152142.0, 0.0007093083273646294, 2.0, 0.0]]
[2024-02-22T14:16:39];ssb/q42;3,2,0,1;2;[[3109810.237189205, 200000, 64, 16120.0, 5, 2.0, 1.0, 200000.0, 199999.0], [79720.0, 200000, 64, 14520.0, 5, 1.0, 1.0, 200000.0, 199999.0], [44624428.049791805, 247914072108.72342, 40000000000.0, 0.00017999957674940547, 3.0, 0.0]]
[2024-02-22T14:16:39];ssb/q42;3,2,0,1;0;[[44624428.049791805, 20000, 64, 30640.0, 5, 3.0, 1.0, 29999.0, 29998.0], [5992.0, 30000, 64, 14456.0, 5, 1.0, 1.0, 30000.0, 29999.0], [52408901.49392954, 267389572874.3525, 600000000.0, 0.00019600203901203248, 4.0, 0.0]]
[2024-02-22T14:16:39];ssb/q42;3,2,0,1;1;[[52408901.49392954, 2000, 64, 45096.0, 5, 4.0, 1.0, 2000.0, 1999.0], [378.0, 2000, 64, 12400.0, 5, 1.0, 1.0, 2000.0, 1999.0], [9905282.382352691, 19810564764.705368, 4000000.0, 0.0005000000000000003, 5.0, 0.0]]
[2024-02-22T14:16:40];ssb/q43;3,2,0,1;3;[[6001173.0, 2406, 64, 5072.0, 5, 1.0, 19920101.0, 19980802.0, 60701.0], [730.5714285714286, 2557, 64, 11048.0, 5, 1.0, 19920101.0, 19981231.0, 61130.0], [3109810.237189205, 4384285531.714286, 6152142.0, 0.0007093083273646294, 2.0, 0.0]]
[2024-02-22T14:16:40];ssb/q43;3,2,0,1;2;[[3109810.237189205, 200000, 64, 16120.0, 5, 2.0, 1.0, 200000.0, 199999.0], [8040.0, 200000, 64, 14520.0, 5, 1.0, 1.0, 200000.0, 199999.0], [4500506.792778802, 25002874307.00121, 40000000000.0, 0.00017999957674940547, 3.0, 0.0]]
[2024-02-22T14:16:40];ssb/q43;3,2,0,1;0;[[4500506.792778802, 20000, 64, 30640.0, 5, 3.0, 1.0, 29999.0, 29998.0], [5992.0, 30000, 64, 14456.0, 5, 1.0, 1.0, 30000.0, 29999.0], [5285594.179769112, 26967036702.33058, 600000000.0, 0.00019600203901203253, 4.0, 0.0]]
[2024-02-22T14:16:40];ssb/q43;3,2,0,1;1;[[5285594.179769112, 2000, 64, 45096.0, 5, 4.0, 1.0, 2000.0, 1999.0], [76.0, 2000, 64, 12400.0, 5, 1.0, 1.0, 2000.0, 1999.0], [200852.57883122636, 401705157.6624525, 4000000.0, 0.0005000000000000002, 5.0, 0.0]]
[2024-02-22T14:16:41];ssb/q21;2,0,1;2;[[6001173.0, 2000, 64, 5072.0, 5, 1.0, 1.0, 2000.0, 1999.0], [378.0, 2000, 64, 12400.0, 5, 1.0, 1.0, 2000.0, 1999.0], [1134221.6970000006, 2268443394.0, 4000000.0, 0.0005000000000000002, 2.0, 0.0]]
[2024-02-22T14:16:41];ssb/q21;2,0,1;0;[[1134221.6970000006, 2406, 64, 17472.0, 5, 2.0, 19920101.0, 19980802.0, 60701.0], [2557.0, 2557, 64, 11048.0, 5, 1.0, 19920101.0, 19981231.0, 61130.0], [2057139.4719006603, 2900204879.2290015, 6152142.0, 0.0007093083273646295, 3.0, 0.0]]
[2024-02-22T14:16:41];ssb/q21;2,0,1;1;[[2057139.4719006603, 200000, 64, 28520.0, 5, 3.0, 1.0, 200000.0, 199999.0], [8071.0, 200000, 64, 14520.0, 5, 1.0, 1.0, 200000.0, 199999.0], [2988564.054685135, 16603172677.71023, 40000000000.0, 0.0001799995767494055, 4.0, 0.0]]
[2024-02-22T14:16:42];ssb/q31;2,0,1;2;[[6001173.0, 2406, 64, 5072.0, 5, 1.0, 19920101.0, 19980802.0, 60701.0], [1198.1964460305155, 2557, 64, 11048.0, 5, 1.0, 19920101.0, 19981231.0, 61130.0], [5100341.223739917, 7190584160.614286, 6152142.0, 0.0007093083273646294, 2.0, 0.0]]
[2024-02-22T14:16:42];ssb/q31;2,0,1;0;[[5100341.223739917, 20000, 64, 16120.0, 5, 2.0, 1.0, 29999.0, 29998.0], [6051.0, 30000, 64, 14456.0, 5, 1.0, 1.0, 30000.0, 29999.0], [6049047.218315912, 30862164744.85024, 600000000.0, 0.00019600203901203256, 3.0, 0.0]]
[2024-02-22T14:16:42];ssb/q31;2,0,1;1;[[6049047.218315912, 2000, 64, 30576.0, 5, 3.0, 1.0, 2000.0, 1999.0], [449.0, 2000, 64, 12400.0, 5, 1.0, 1.0, 2000.0, 1999.0], [1358011.1005119234, 2716022201.0238447, 4000000.0, 0.0005000000000000004, 4.0, 0.0]]
[2024-02-22T14:16:43];ssb/q41;2,3,1,0;2;[[6001173.0, 200000, 64, 5072.0, 5, 1.0, 1.0, 200000.0, 199999.0], [79720.0, 200000, 64, 14520.0, 5, 1.0, 1.0, 200000.0, 199999.0], [86114229.5919968, 478413511560.0, 40000000000.0, 0.00017999957674940547, 2.0, 0.0]]
[2024-02-22T14:16:43];ssb/q41;2,3,1,0;3;[[86114229.5919968, 2406, 64, 19592.0, 5, 2.0, 19920101.0, 19980802.0, 60701.0], [2557.0, 2557, 64, 11048.0, 5, 1.0, 19920101.0, 19981231.0, 61130.0], [156185498.1742713, 220194085066.73584, 6152142.0, 0.0007093083273646293, 3.0, 0.0]]
[2024-02-22T14:16:43];ssb/q41;2,3,1,0;1;[[156185498.1742713, 2000, 64, 30640.0, 5, 3.0, 1.0, 2000.0, 1999.0], [378.0, 2000, 64, 12400.0, 5, 1.0, 1.0, 2000.0, 1999.0], [29519059.154937297, 59038118309.87454, 4000000.0, 0.0005000000000000004, 4.0, 0.0]]
[2024-02-22T14:16:43];ssb/q41;2,3,1,0;0;[[29519059.154937297, 20000, 64, 43040.0, 5, 4.0, 1.0, 29999.0, 29998.0], [5992.0, 30000, 64, 14456.0, 5, 1.0, 1.0, 30000.0, 29999.0], [34668488.33823442, 176878202456.38428, 600000000.0, 0.0001960020390120325, 5.0, 0.0]]
[2024-02-22T14:16:44];ssb/q42;2,3,1,0;2;[[6001173.0, 200000, 64, 5072.0, 5, 1.0, 1.0, 200000.0, 199999.0], [79720.0, 200000, 64, 14520.0, 5, 1.0, 1.0, 200000.0, 199999.0], [86114229.5919968, 478413511560.0, 40000000000.0, 0.00017999957674940547, 2.0, 0.0]]
[2024-02-22T14:16:44];ssb/q42;2,3,1,0;3;[[86114229.5919968, 2406, 64, 19592.0, 5, 2.0, 19920101.0, 19980802.0, 60701.0], [730.5714285714286, 2557, 64, 11048.0, 5, 1.0, 19920101.0, 19981231.0, 61130.0], [44624428.0497918, 62912595733.35309, 6152142.0, 0.0007093083273646294, 3.0, 0.0]]
[2024-02-22T14:16:44];ssb/q42;2,3,1,0;1;[[44624428.0497918, 2000, 64, 30640.0, 5, 3.0, 1.0, 2000.0, 1999.0], [378.0, 2000, 64, 12400.0, 5, 1.0, 1.0, 2000.0, 1999.0], [8434016.901410656, 16868033802.8213, 4000000.0, 0.0005000000000000003, 4.0, 0.0]]
[2024-02-22T14:16:44];ssb/q42;2,3,1,0;0;[[8434016.901410656, 20000, 64, 43040.0, 5, 4.0, 1.0, 29999.0, 29998.0], [5992.0, 30000, 64, 14456.0, 5, 1.0, 1.0, 30000.0, 29999.0], [9905282.382352693, 50536629273.25265, 600000000.0, 0.0001960020390120326, 5.0, 0.0]]
[2024-02-22T14:16:45];ssb/q43;2,3,1,0;2;[[6001173.0, 200000, 64, 5072.0, 5, 1.0, 1.0, 200000.0, 199999.0], [8040.0, 200000, 64, 14520.0, 5, 1.0, 1.0, 200000.0, 199999.0], [8684877.143999679, 48249430920.0, 40000000000.0, 0.0001799995767494055, 2.0, 0.0]]
[2024-02-22T14:16:45];ssb/q43;2,3,1,0;3;[[8684877.143999679, 2406, 64, 19592.0, 5, 2.0, 19920101.0, 19980802.0, 60701.0], [730.5714285714286, 2557, 64, 11048.0, 5, 1.0, 19920101.0, 19981231.0, 61130.0], [4500506.792778802, 6344923102.059194, 6152142.0, 0.0007093083273646294, 3.0, 0.0]]
[2024-02-22T14:16:45];ssb/q43;2,3,1,0;1;[[4500506.792778802, 2000, 64, 30640.0, 5, 3.0, 1.0, 2000.0, 1999.0], [76.0, 2000, 64, 12400.0, 5, 1.0, 1.0, 2000.0, 1999.0], [171019.25812559464, 342038516.25118893, 4000000.0, 0.0005000000000000006, 4.0, 0.0]]
[2024-02-22T14:16:45];ssb/q43;2,3,1,0;0;[[171019.25812559464, 20000, 64, 43040.0, 5, 4.0, 1.0, 29999.0, 29998.0], [5992.0, 30000, 64, 14456.0, 5, 1.0, 1.0, 30000.0, 29999.0], [200852.57883122636, 1024747394.6885631, 600000000.0, 0.00019600203901203245, 5.0, 0.0]]
[2024-02-22T14:16:46];ssb/q21;0,2,1;0;[[6001173.0, 2406, 64, 5072.0, 5, 1.0, 19920101.0, 19980802.0, 60701.0], [2557.0, 2557, 64, 11048.0, 5, 1.0, 19920101.0, 19981231.0, 61130.0], [10884335.830162218, 15344999361.0, 6152142.0, 0.0007093083273646295, 2.0, 0.0]]
[2024-02-22T14:16:46];ssb/q21;0,2,1;2;[[10884335.830162218, 2000, 64, 16120.0, 5, 2.0, 1.0, 2000.0, 1999.0], [378.0, 2000, 64, 12400.0, 5, 1.0, 1.0, 2000.0, 1999.0], [2057139.4719006605, 4114278943.801318, 4000000.0, 0.0005000000000000003, 3.0, 0.0]]
[2024-02-22T14:16:46];ssb/q21;0,2,1;1;[[2057139.4719006605, 200000, 64, 28520.0, 5, 3.0, 1.0, 200000.0, 199999.0], [8071.0, 200000, 64, 14520.0, 5, 1.0, 1.0, 200000.0, 199999.0], [2988564.0546851354, 16603172677.710232, 40000000000.0, 0.0001799995767494055, 4.0, 0.0]]
[2024-02-22T14:16:48];ssb/q31;0,2,1;0;[[6001173.0, 20000, 64, 5072.0, 5, 1.0, 1.0, 29999.0, 29998.0], [6051.0, 30000, 64, 14456.0, 5, 1.0, 1.0, 30000.0, 29999.0], [7117441.2161514005, 36313097823.0, 600000000.0, 0.00019600203901203256, 2.0, 0.0]]
[2024-02-22T14:16:48];ssb/q31;0,2,1;2;[[7117441.2161514005, 2406, 64, 19528.0, 5, 2.0, 19920101.0, 19980802.0, 60701.0], [1198.1964460305155, 2557, 64, 11048.0, 5, 1.0, 19920101.0, 19981231.0, 61130.0], [6049047.218315912, 8528092770.023718, 6152142.0, 0.0007093083273646294, 3.0, 0.0]]
[2024-02-22T14:16:48];ssb/q31;0,2,1;1;[[6049047.218315912, 2000, 64, 30576.0, 5, 3.0, 1.0, 2000.0, 1999.0], [449.0, 2000, 64, 12400.0, 5, 1.0, 1.0, 2000.0, 1999.0], [1358011.1005119234, 2716022201.0238447, 4000000.0, 0.0005000000000000004, 4.0, 0.0]]
[2024-02-22T14:16:49];ssb/q41;3,0,1,2;3;[[6001173.0, 2406, 64, 5072.0, 5, 1.0, 19920101.0, 19980802.0, 60701.0], [2557.0, 2557, 64, 11048.0, 5, 1.0, 19920101.0, 19981231.0, 61130.0], [10884335.830162218, 15344999361.0, 6152142.0, 0.0007093083273646295, 2.0, 0.0]]
[2024-02-22T14:16:49];ssb/q41;3,0,1,2;0;[[10884335.830162218, 20000, 64, 16120.0, 5, 2.0, 1.0, 29999.0, 29998.0], [5992.0, 30000, 64, 14456.0, 5, 1.0, 1.0, 30000.0, 29999.0], [12783045.279893083, 65218940294.33201, 600000000.0, 0.00019600203901203253, 3.0, 0.0]]
[2024-02-22T14:16:49];ssb/q41;3,0,1,2;1;[[12783045.279893083, 2000, 64, 30576.0, 5, 3.0, 1.0, 2000.0, 1999.0], [378.0, 2000, 64, 12400.0, 5, 1.0, 1.0, 2000.0, 1999.0], [2415995.5578997945, 4831991115.799585, 4000000.0, 0.0005000000000000003, 4.0, 0.0]]
[2024-02-22T14:16:49];ssb/q41;3,0,1,2;2;[[2415995.5578997945, 200000, 64, 42976.0, 5, 4.0, 1.0, 200000.0, 199999.0], [79720.0, 200000, 64, 14520.0, 5, 1.0, 1.0, 200000.0, 199999.0], [34668488.338234425, 192603165875.7716, 40000000000.0, 0.00017999957674940547, 5.0, 0.0]]
[2024-02-22T14:16:50];ssb/q42;3,0,1,2;3;[[6001173.0, 2406, 64, 5072.0, 5, 1.0, 19920101.0, 19980802.0, 60701.0], [730.5714285714286, 2557, 64, 11048.0, 5, 1.0, 19920101.0, 19981231.0, 61130.0], [3109810.237189205, 4384285531.714286, 6152142.0, 0.0007093083273646294, 2.0, 0.0]]
[2024-02-22T14:16:50];ssb/q42;3,0,1,2;0;[[3109810.237189205, 20000, 64, 16120.0, 5, 2.0, 1.0, 29999.0, 29998.0], [5992.0, 30000, 64, 14456.0, 5, 1.0, 1.0, 30000.0, 29999.0], [3652298.6513980236, 18633982941.237717, 600000000.0, 0.00019600203901203253, 3.0, 0.0]]
[2024-02-22T14:16:50];ssb/q42;3,0,1,2;1;[[3652298.6513980236, 2000, 64, 30576.0, 5, 3.0, 1.0, 2000.0, 1999.0], [378.0, 2000, 64, 12400.0, 5, 1.0, 1.0, 2000.0, 1999.0], [690284.445114227, 1380568890.228453, 4000000.0, 0.0005000000000000004, 4.0, 0.0]]
[2024-02-22T14:16:50];ssb/q42;3,0,1,2;2;[[690284.445114227, 200000, 64, 42976.0, 5, 4.0, 1.0, 200000.0, 199999.0], [79720.0, 200000, 64, 14520.0, 5, 1.0, 1.0, 200000.0, 199999.0], [9905282.382352693, 55029475964.50618, 40000000000.0, 0.00017999957674940545, 5.0, 0.0]]
[2024-02-22T14:16:51];ssb/q43;3,0,1,2;3;[[6001173.0, 2406, 64, 5072.0, 5, 1.0, 19920101.0, 19980802.0, 60701.0], [730.5714285714286, 2557, 64, 11048.0, 5, 1.0, 19920101.0, 19981231.0, 61130.0], [3109810.237189205, 4384285531.714286, 6152142.0, 0.0007093083273646294, 2.0, 0.0]]
[2024-02-22T14:16:51];ssb/q43;3,0,1,2;0;[[3109810.237189205, 20000, 64, 16120.0, 5, 2.0, 1.0, 29999.0, 29998.0], [5992.0, 30000, 64, 14456.0, 5, 1.0, 1.0, 30000.0, 29999.0], [3652298.6513980236, 18633982941.237717, 600000000.0, 0.00019600203901203253, 3.0, 0.0]]
[2024-02-22T14:16:51];ssb/q43;3,0,1,2;1;[[3652298.6513980236, 2000, 64, 30576.0, 5, 3.0, 1.0, 2000.0, 1999.0], [76.0, 2000, 64, 12400.0, 5, 1.0, 1.0, 2000.0, 1999.0], [138787.348753125, 277574697.5062498, 4000000.0, 0.0005000000000000003, 4.0, 0.0]]
[2024-02-22T14:16:51];ssb/q43;3,0,1,2;2;[[138787.348753125, 200000, 64, 42976.0, 5, 4.0, 1.0, 200000.0, 199999.0], [8040.0, 200000, 64, 14520.0, 5, 1.0, 1.0, 200000.0, 199999.0], [200852.5788312264, 1115850283.975125, 40000000000.0, 0.00017999957674940545, 5.0, 0.0]]
[2024-02-22T14:16:52];ssb/q41;0,2,3,1;0;[[6001173.0, 20000, 64, 5072.0, 5, 1.0, 1.0, 29999.0, 29998.0], [5992.0, 30000, 64, 14456.0, 5, 1.0, 1.0, 30000.0, 29999.0], [7048042.929628027, 35959028616.0, 600000000.0, 0.00019600203901203253, 2.0, 0.0]]
[2024-02-22T14:16:52];ssb/q41;0,2,3,1;2;[[7048042.929628027, 200000, 64, 19528.0, 5, 2.0, 1.0, 200000.0, 199999.0], [79720.0, 200000, 64, 14520.0, 5, 1.0, 1.0, 200000.0, 199999.0], [101136359.01118626, 561869982349.9463, 40000000000.0, 0.00017999957674940547, 3.0, 0.0]]
[2024-02-22T14:16:52];ssb/q41;0,2,3,1;3;[[101136359.01118626, 2406, 64, 34048.0, 5, 3.0, 19920101.0, 19980802.0, 60701.0], [2557.0, 2557, 64, 11048.0, 5, 1.0, 19920101.0, 19981231.0, 61130.0], [183431155.22875345, 258605669991.60327, 6152142.0, 0.0007093083273646294, 4.0, 0.0]]
[2024-02-22T14:16:52];ssb/q41;0,2,3,1;1;[[183431155.22875345, 2000, 64, 45096.0, 5, 4.0, 1.0, 2000.0, 1999.0], [378.0, 2000, 64, 12400.0, 5, 1.0, 1.0, 2000.0, 1999.0], [34668488.338234425, 69336976676.4688, 4000000.0, 0.0005000000000000003, 5.0, 0.0]]
[2024-02-22T14:16:53];ssb/q42;0,2,3,1;0;[[6001173.0, 20000, 64, 5072.0, 5, 1.0, 1.0, 29999.0, 29998.0], [5992.0, 30000, 64, 14456.0, 5, 1.0, 1.0, 30000.0, 29999.0], [7048042.929628027, 35959028616.0, 600000000.0, 0.00019600203901203253, 2.0, 0.0]]
[2024-02-22T14:16:53];ssb/q42;0,2,3,1;2;[[7048042.929628027, 200000, 64, 19528.0, 5, 2.0, 1.0, 200000.0, 199999.0], [79720.0, 200000, 64, 14520.0, 5, 1.0, 1.0, 200000.0, 199999.0], [101136359.01118624, 561869982349.9463, 40000000000.0, 0.00017999957674940545, 3.0, 0.0]]
[2024-02-22T14:16:53];ssb/q42;0,2,3,1;3;[[101136359.01118624, 2406, 64, 34048.0, 5, 3.0, 19920101.0, 19980802.0, 60701.0], [730.5714285714286, 2557, 64, 11048.0, 5, 1.0, 19920101.0, 19981231.0, 61130.0], [52408901.49392956, 73887334283.3152, 6152142.0, 0.0007093083273646296, 4.0, 0.0]]
[2024-02-22T14:16:53];ssb/q42;0,2,3,1;1;[[52408901.49392956, 2000, 64, 45096.0, 5, 4.0, 1.0, 2000.0, 1999.0], [378.0, 2000, 64, 12400.0, 5, 1.0, 1.0, 2000.0, 1999.0], [9905282.382352693, 19810564764.70537, 4000000.0, 0.0005000000000000003, 5.0, 0.0]]
[2024-02-22T14:16:54];ssb/q43;0,2,3,1;0;[[6001173.0, 20000, 64, 5072.0, 5, 1.0, 1.0, 29999.0, 29998.0], [5992.0, 30000, 64, 14456.0, 5, 1.0, 1.0, 30000.0, 29999.0], [7048042.929628027, 35959028616.0, 600000000.0, 0.00019600203901203253, 2.0, 0.0]]
[2024-02-22T14:16:54];ssb/q43;0,2,3,1;2;[[7048042.929628027, 200000, 64, 19528.0, 5, 2.0, 1.0, 200000.0, 199999.0], [8040.0, 200000, 64, 14520.0, 5, 1.0, 1.0, 200000.0, 199999.0], [10199903.743727265, 56666265154.209335, 40000000000.0, 0.00017999957674940547, 3.0, 0.0]]
[2024-02-22T14:16:54];ssb/q43;0,2,3,1;3;[[10199903.743727265, 2406, 64, 34048.0, 5, 3.0, 19920101.0, 19980802.0, 60701.0], [730.5714285714286, 2557, 64, 11048.0, 5, 1.0, 19920101.0, 19981231.0, 61130.0], [5285594.179769113, 7451758249.34589, 6152142.0, 0.0007093083273646295, 4.0, 0.0]]
[2024-02-22T14:16:54];ssb/q43;0,2,3,1;1;[[5285594.179769113, 2000, 64, 45096.0, 5, 4.0, 1.0, 2000.0, 1999.0], [76.0, 2000, 64, 12400.0, 5, 1.0, 1.0, 2000.0, 1999.0], [200852.57883122642, 401705157.6624526, 4000000.0, 0.0005000000000000003, 5.0, 0.0]]
[2024-02-22T14:16:56];ssb/q41;1,3,2,0;1;[[6001173.0, 2000, 64, 5072.0, 5, 1.0, 1.0, 2000.0, 1999.0], [378.0, 2000, 64, 12400.0, 5, 1.0, 1.0, 2000.0, 1999.0], [1134221.6970000006, 2268443394.0, 4000000.0, 0.0005000000000000002, 2.0, 0.0]]
[2024-02-22T14:16:56];ssb/q41;1,3,2,0;3;[[1134221.6970000006, 2406, 64, 17472.0, 5, 2.0, 19920101.0, 19980802.0, 60701.0], [2557.0, 2557, 64, 11048.0, 5, 1.0, 19920101.0, 19981231.0, 61130.0], [2057139.4719006605, 2900204879.2290015, 6152142.0, 0.0007093083273646295, 3.0, 0.0]]
[2024-02-22T14:16:56];ssb/q41;1,3,2,0;2;[[2057139.4719006605, 200000, 64, 28520.0, 5, 3.0, 1.0, 200000.0, 199999.0], [79720.0, 200000, 64, 14520.0, 5, 1.0, 1.0, 200000.0, 199999.0], [29519059.1549373, 163995158699.92065, 40000000000.0, 0.0001799995767494055, 4.0, 0.0]]
[2024-02-22T14:16:56];ssb/q41;1,3,2,0;0;[[29519059.1549373, 20000, 64, 43040.0, 5, 4.0, 1.0, 29999.0, 29998.0], [5992.0, 30000, 64, 14456.0, 5, 1.0, 1.0, 30000.0, 29999.0], [34668488.338234425, 176878202456.3843, 600000000.0, 0.00019600203901203253, 5.0, 0.0]]
[2024-02-22T14:16:57];ssb/q42;1,3,2,0;1;[[6001173.0, 2000, 64, 5072.0, 5, 1.0, 1.0, 2000.0, 1999.0], [378.0, 2000, 64, 12400.0, 5, 1.0, 1.0, 2000.0, 1999.0], [1134221.6970000006, 2268443394.0, 4000000.0, 0.0005000000000000002, 2.0, 0.0]]
[2024-02-22T14:16:57];ssb/q42;1,3,2,0;3;[[1134221.6970000006, 2406, 64, 17472.0, 5, 2.0, 19920101.0, 19980802.0, 60701.0], [730.5714285714286, 2557, 64, 11048.0, 5, 1.0, 19920101.0, 19981231.0, 61130.0], [587754.13482876, 828629965.4940004, 6152142.0, 0.0007093083273646294, 3.0, 0.0]]
[2024-02-22T14:16:57];ssb/q42;1,3,2,0;2;[[587754.13482876, 200000, 64, 28520.0, 5, 3.0, 1.0, 200000.0, 199999.0], [79720.0, 200000, 64, 14520.0, 5, 1.0, 1.0, 200000.0, 199999.0], [8434016.901410656, 46855759628.54875, 40000000000.0, 0.00017999957674940547, 4.0, 0.0]]
[2024-02-22T14:16:57];ssb/q42;1,3,2,0;0;[[8434016.901410656, 20000, 64, 43040.0, 5, 4.0, 1.0, 29999.0, 29998.0], [5992.0, 30000, 64, 14456.0, 5, 1.0, 1.0, 30000.0, 29999.0], [9905282.382352691, 50536629273.25265, 600000000.0, 0.00019600203901203253, 5.0, 0.0]]
[2024-02-22T14:16:58];ssb/q43;1,3,2,0;1;[[6001173.0, 2000, 64, 5072.0, 5, 1.0, 1.0, 2000.0, 1999.0], [76.0, 2000, 64, 12400.0, 5, 1.0, 1.0, 2000.0, 1999.0], [228044.57400000014, 456089148.0, 4000000.0, 0.0005000000000000003, 2.0, 0.0]]
[2024-02-22T14:16:58];ssb/q43;1,3,2,0;3;[[228044.57400000014, 2406, 64, 17472.0, 5, 2.0, 19920101.0, 19980802.0, 60701.0], [730.5714285714286, 2557, 64, 11048.0, 5, 1.0, 19920101.0, 19981231.0, 61130.0], [118172.78901318985, 166602850.20514295, 6152142.0, 0.0007093083273646294, 3.0, 0.0]]
[2024-02-22T14:16:58];ssb/q43;1,3,2,0;2;[[118172.78901318985, 200000, 64, 28520.0, 5, 3.0, 1.0, 200000.0, 199999.0], [8040.0, 200000, 64, 14520.0, 5, 1.0, 1.0, 200000.0, 199999.0], [171019.2581255946, 950109223.6660464, 40000000000.0, 0.00017999957674940553, 4.0, 0.0]]
[2024-02-22T14:16:58];ssb/q43;1,3,2,0;0;[[171019.2581255946, 20000, 64, 43040.0, 5, 4.0, 1.0, 29999.0, 29998.0], [5992.0, 30000, 64, 14456.0, 5, 1.0, 1.0, 30000.0, 29999.0], [200852.57883122636, 1024747394.6885629, 600000000.0, 0.0001960020390120325, 5.0, 0.0]]
[2024-02-22T14:16:59];ssb/q41;2,3,0,1;2;[[6001173.0, 200000, 64, 5072.0, 5, 1.0, 1.0, 200000.0, 199999.0], [79720.0, 200000, 64, 14520.0, 5, 1.0, 1.0, 200000.0, 199999.0], [86114229.5919968, 478413511560.0, 40000000000.0, 0.00017999957674940547, 2.0, 0.0]]
[2024-02-22T14:16:59];ssb/q41;2,3,0,1;3;[[86114229.5919968, 2406, 64, 19592.0, 5, 2.0, 19920101.0, 19980802.0, 60701.0], [2557.0, 2557, 64, 11048.0, 5, 1.0, 19920101.0, 19981231.0, 61130.0], [156185498.17427132, 220194085066.73584, 6152142.0, 0.0007093083273646294, 3.0, 0.0]]
[2024-02-22T14:16:59];ssb/q41;2,3,0,1;0;[[156185498.17427132, 20000, 64, 30640.0, 5, 3.0, 1.0, 29999.0, 29998.0], [5992.0, 30000, 64, 14456.0, 5, 1.0, 1.0, 30000.0, 29999.0], [183431155.22875342, 935863505060.2338, 600000000.0, 0.0001960020390120325, 4.0, 0.0]]
[2024-02-22T14:16:59];ssb/q41;2,3,0,1;1;[[183431155.22875342, 2000, 64, 45096.0, 5, 4.0, 1.0, 2000.0, 1999.0], [378.0, 2000, 64, 12400.0, 5, 1.0, 1.0, 2000.0, 1999.0], [34668488.33823442, 69336976676.4688, 4000000.0, 0.0005000000000000002, 5.0, 0.0]]
[2024-02-22T14:17:00];ssb/q42;2,3,0,1;2;[[6001173.0, 200000, 64, 5072.0, 5, 1.0, 1.0, 200000.0, 199999.0], [79720.0, 200000, 64, 14520.0, 5, 1.0, 1.0, 200000.0, 199999.0], [86114229.5919968, 478413511560.0, 40000000000.0, 0.00017999957674940547, 2.0, 0.0]]
[2024-02-22T14:17:00];ssb/q42;2,3,0,1;3;[[86114229.5919968, 2406, 64, 19592.0, 5, 2.0, 19920101.0, 19980802.0, 60701.0], [730.5714285714286, 2557, 64, 11048.0, 5, 1.0, 19920101.0, 19981231.0, 61130.0], [44624428.0497918, 62912595733.35309, 6152142.0, 0.0007093083273646294, 3.0, 0.0]]
[2024-02-22T14:17:00];ssb/q42;2,3,0,1;0;[[44624428.0497918, 20000, 64, 30640.0, 5, 3.0, 1.0, 29999.0, 29998.0], [5992.0, 30000, 64, 14456.0, 5, 1.0, 1.0, 30000.0, 29999.0], [52408901.49392954, 267389572874.35245, 600000000.0, 0.00019600203901203253, 4.0, 0.0]]
[2024-02-22T14:17:00];ssb/q42;2,3,0,1;1;[[52408901.49392954, 2000, 64, 45096.0, 5, 4.0, 1.0, 2000.0, 1999.0], [378.0, 2000, 64, 12400.0, 5, 1.0, 1.0, 2000.0, 1999.0], [9905282.382352693, 19810564764.705368, 4000000.0, 0.0005000000000000004, 5.0, 0.0]]
[2024-02-22T14:17:01];ssb/q43;2,3,0,1;2;[[6001173.0, 200000, 64, 5072.0, 5, 1.0, 1.0, 200000.0, 199999.0], [8040.0, 200000, 64, 14520.0, 5, 1.0, 1.0, 200000.0, 199999.0], [8684877.143999679, 48249430920.0, 40000000000.0, 0.0001799995767494055, 2.0, 0.0]]
[2024-02-22T14:17:01];ssb/q43;2,3,0,1;3;[[8684877.143999679, 2406, 64, 19592.0, 5, 2.0, 19920101.0, 19980802.0, 60701.0], [730.5714285714286, 2557, 64, 11048.0, 5, 1.0, 19920101.0, 19981231.0, 61130.0], [4500506.792778802, 6344923102.059194, 6152142.0, 0.0007093083273646294, 3.0, 0.0]]
[2024-02-22T14:17:01];ssb/q43;2,3,0,1;0;[[4500506.792778802, 20000, 64, 30640.0, 5, 3.0, 1.0, 29999.0, 29998.0], [5992.0, 30000, 64, 14456.0, 5, 1.0, 1.0, 30000.0, 29999.0], [5285594.179769112, 26967036702.33058, 600000000.0, 0.00019600203901203253, 4.0, 0.0]]
[2024-02-22T14:17:01];ssb/q43;2,3,0,1;1;[[5285594.179769112, 2000, 64, 45096.0, 5, 4.0, 1.0, 2000.0, 1999.0], [76.0, 2000, 64, 12400.0, 5, 1.0, 1.0, 2000.0, 1999.0], [200852.57883122636, 401705157.6624525, 4000000.0, 0.0005000000000000002, 5.0, 0.0]]
[2024-02-22T14:17:02];ssb/q41;2,1,3,0;2;[[6001173.0, 200000, 64, 5072.0, 5, 1.0, 1.0, 200000.0, 199999.0], [79720.0, 200000, 64, 14520.0, 5, 1.0, 1.0, 200000.0, 199999.0], [86114229.5919968, 478413511560.0, 40000000000.0, 0.00017999957674940547, 2.0, 0.0]]
[2024-02-22T14:17:02];ssb/q41;2,1,3,0;1;[[86114229.5919968, 2000, 64, 19592.0, 5, 2.0, 1.0, 2000.0, 1999.0], [378.0, 2000, 64, 12400.0, 5, 1.0, 1.0, 2000.0, 1999.0], [16275589.392887406, 32551178785.77479, 4000000.0, 0.0005000000000000003, 3.0, 0.0]]
[2024-02-22T14:17:02];ssb/q41;2,1,3,0;3;[[16275589.392887406, 2406, 64, 31992.0, 5, 3.0, 19920101.0, 19980802.0, 60701.0], [2557.0, 2557, 64, 11048.0, 5, 1.0, 19920101.0, 19981231.0, 61130.0], [29519059.154937297, 41616682077.6131, 6152142.0, 0.0007093083273646294, 4.0, 0.0]]
[2024-02-22T14:17:02];ssb/q41;2,1,3,0;0;[[29519059.154937297, 20000, 64, 43040.0, 5, 4.0, 1.0, 29999.0, 29998.0], [5992.0, 30000, 64, 14456.0, 5, 1.0, 1.0, 30000.0, 29999.0], [34668488.338234425, 176878202456.38428, 600000000.0, 0.00019600203901203256, 5.0, 0.0]]
[2024-02-22T14:17:04];ssb/q42;2,1,3,0;2;[[6001173.0, 200000, 64, 5072.0, 5, 1.0, 1.0, 200000.0, 199999.0], [79720.0, 200000, 64, 14520.0, 5, 1.0, 1.0, 200000.0, 199999.0], [86114229.5919968, 478413511560.0, 40000000000.0, 0.00017999957674940547, 2.0, 0.0]]
[2024-02-22T14:17:04];ssb/q42;2,1,3,0;1;[[86114229.5919968, 2000, 64, 19592.0, 5, 2.0, 1.0, 2000.0, 1999.0], [378.0, 2000, 64, 12400.0, 5, 1.0, 1.0, 2000.0, 1999.0], [16275589.392887406, 32551178785.77479, 4000000.0, 0.0005000000000000003, 3.0, 0.0]]
[2024-02-22T14:17:04];ssb/q42;2,1,3,0;3;[[16275589.392887406, 2406, 64, 31992.0, 5, 3.0, 19920101.0, 19980802.0, 60701.0], [730.5714285714286, 2557, 64, 11048.0, 5, 1.0, 19920101.0, 19981231.0, 61130.0], [8434016.901410656, 11890480593.603743, 6152142.0, 0.0007093083273646294, 4.0, 0.0]]
[2024-02-22T14:17:04];ssb/q42;2,1,3,0;0;[[8434016.901410656, 20000, 64, 43040.0, 5, 4.0, 1.0, 29999.0, 29998.0], [5992.0, 30000, 64, 14456.0, 5, 1.0, 1.0, 30000.0, 29999.0], [9905282.382352691, 50536629273.25265, 600000000.0, 0.00019600203901203253, 5.0, 0.0]]
[2024-02-22T14:17:05];ssb/q43;2,1,3,0;2;[[6001173.0, 200000, 64, 5072.0, 5, 1.0, 1.0, 200000.0, 199999.0], [8040.0, 200000, 64, 14520.0, 5, 1.0, 1.0, 200000.0, 199999.0], [8684877.143999679, 48249430920.0, 40000000000.0, 0.0001799995767494055, 2.0, 0.0]]
[2024-02-22T14:17:05];ssb/q43;2,1,3,0;1;[[8684877.143999679, 2000, 64, 19592.0, 5, 2.0, 1.0, 2000.0, 1999.0], [76.0, 2000, 64, 12400.0, 5, 1.0, 1.0, 2000.0, 1999.0], [330025.331471988, 660050662.9439756, 4000000.0, 0.0005000000000000003, 3.0, 0.0]]
[2024-02-22T14:17:05];ssb/q43;2,1,3,0;3;[[330025.331471988, 2406, 64, 31992.0, 5, 3.0, 19920101.0, 19980802.0, 60701.0], [730.5714285714286, 2557, 64, 11048.0, 5, 1.0, 19920101.0, 19981231.0, 61130.0], [171019.2581255946, 241107077.87824953, 6152142.0, 0.0007093083273646294, 4.0, 0.0]]
[2024-02-22T14:17:05];ssb/q43;2,1,3,0;0;[[171019.2581255946, 20000, 64, 43040.0, 5, 4.0, 1.0, 29999.0, 29998.0], [5992.0, 30000, 64, 14456.0, 5, 1.0, 1.0, 30000.0, 29999.0], [200852.5788312264, 1024747394.6885629, 600000000.0, 0.00019600203901203253, 5.0, 0.0]]
[2024-02-22T14:17:06];ssb/q41;0,3,2,1;0;[[6001173.0, 20000, 64, 5072.0, 5, 1.0, 1.0, 29999.0, 29998.0], [5992.0, 30000, 64, 14456.0, 5, 1.0, 1.0, 30000.0, 29999.0], [7048042.929628027, 35959028616.0, 600000000.0, 0.00019600203901203253, 2.0, 0.0]]
[2024-02-22T14:17:06];ssb/q41;0,3,2,1;3;[[7048042.929628027, 2406, 64, 19528.0, 5, 2.0, 19920101.0, 19980802.0, 60701.0], [2557.0, 2557, 64, 11048.0, 5, 1.0, 19920101.0, 19981231.0, 61130.0], [12783045.279893083, 18021845771.058865, 6152142.0, 0.0007093083273646294, 3.0, 0.0]]
[2024-02-22T14:17:06];ssb/q41;0,3,2,1;2;[[12783045.279893083, 200000, 64, 30576.0, 5, 3.0, 1.0, 200000.0, 199999.0], [79720.0, 200000, 64, 14520.0, 5, 1.0, 1.0, 200000.0, 199999.0], [183431155.22875345, 1019064369713.0767, 40000000000.0, 0.00017999957674940547, 4.0, 0.0]]
[2024-02-22T14:17:06];ssb/q41;0,3,2,1;1;[[183431155.22875345, 2000, 64, 45096.0, 5, 4.0, 1.0, 2000.0, 1999.0], [378.0, 2000, 64, 12400.0, 5, 1.0, 1.0, 2000.0, 1999.0], [34668488.338234425, 69336976676.4688, 4000000.0, 0.0005000000000000003, 5.0, 0.0]]
[2024-02-22T14:17:07];ssb/q42;0,3,2,1;0;[[6001173.0, 20000, 64, 5072.0, 5, 1.0, 1.0, 29999.0, 29998.0], [5992.0, 30000, 64, 14456.0, 5, 1.0, 1.0, 30000.0, 29999.0], [7048042.929628027, 35959028616.0, 600000000.0, 0.00019600203901203253, 2.0, 0.0]]
[2024-02-22T14:17:07];ssb/q42;0,3,2,1;3;[[7048042.929628027, 2406, 64, 19528.0, 5, 2.0, 19920101.0, 19980802.0, 60701.0], [730.5714285714286, 2557, 64, 11048.0, 5, 1.0, 19920101.0, 19981231.0, 61130.0], [3652298.6513980236, 5149098791.731104, 6152142.0, 0.0007093083273646294, 3.0, 0.0]]
[2024-02-22T14:17:07];ssb/q42;0,3,2,1;2;[[3652298.6513980236, 200000, 64, 30576.0, 5, 3.0, 1.0, 200000.0, 199999.0], [79720.0, 200000, 64, 14520.0, 5, 1.0, 1.0, 200000.0, 199999.0], [52408901.49392956, 291161248489.45044, 40000000000.0, 0.0001799995767494055, 4.0, 0.0]]
[2024-02-22T14:17:07];ssb/q42;0,3,2,1;1;[[52408901.49392956, 2000, 64, 45096.0, 5, 4.0, 1.0, 2000.0, 1999.0], [378.0, 2000, 64, 12400.0, 5, 1.0, 1.0, 2000.0, 1999.0], [9905282.382352693, 19810564764.70537, 4000000.0, 0.0005000000000000003, 5.0, 0.0]]
[2024-02-22T14:17:08];ssb/q43;0,3,2,1;0;[[6001173.0, 20000, 64, 5072.0, 5, 1.0, 1.0, 29999.0, 29998.0], [5992.0, 30000, 64, 14456.0, 5, 1.0, 1.0, 30000.0, 29999.0], [7048042.929628027, 35959028616.0, 600000000.0, 0.00019600203901203253, 2.0, 0.0]]
[2024-02-22T14:17:08];ssb/q43;0,3,2,1;3;[[7048042.929628027, 2406, 64, 19528.0, 5, 2.0, 19920101.0, 19980802.0, 60701.0], [730.5714285714286, 2557, 64, 11048.0, 5, 1.0, 19920101.0, 19981231.0, 61130.0], [3652298.6513980236, 5149098791.731104, 6152142.0, 0.0007093083273646294, 3.0, 0.0]]
[2024-02-22T14:17:08];ssb/q43;0,3,2,1;2;[[3652298.6513980236, 200000, 64, 30576.0, 5, 3.0, 1.0, 200000.0, 199999.0], [8040.0, 200000, 64, 14520.0, 5, 1.0, 1.0, 200000.0, 199999.0], [5285594.179769112, 29364481157.24011, 40000000000.0, 0.00017999957674940547, 4.0, 0.0]]
[2024-02-22T14:17:08];ssb/q43;0,3,2,1;1;[[5285594.179769112, 2000, 64, 45096.0, 5, 4.0, 1.0, 2000.0, 1999.0], [76.0, 2000, 64, 12400.0, 5, 1.0, 1.0, 2000.0, 1999.0], [200852.57883122642, 401705157.6624525, 4000000.0, 0.0005000000000000004, 5.0, 0.0]]
[2024-02-22T14:17:09];ssb/q41;2,0,1,3;2;[[6001173.0, 200000, 64, 5072.0, 5, 1.0, 1.0, 200000.0, 199999.0], [79720.0, 200000, 64, 14520.0, 5, 1.0, 1.0, 200000.0, 199999.0], [86114229.5919968, 478413511560.0, 40000000000.0, 0.00017999957674940547, 2.0, 0.0]]
[2024-02-22T14:17:09];ssb/q41;2,0,1,3;0;[[86114229.5919968, 20000, 64, 19592.0, 5, 2.0, 1.0, 29999.0, 29998.0], [5992.0, 30000, 64, 14456.0, 5, 1.0, 1.0, 30000.0, 29999.0], [101136359.01118626, 515996463715.2449, 600000000.0, 0.00019600203901203253, 3.0, 0.0]]
[2024-02-22T14:17:09];ssb/q41;2,0,1,3;1;[[101136359.01118626, 2000, 64, 34048.0, 5, 3.0, 1.0, 2000.0, 1999.0], [378.0, 2000, 64, 12400.0, 5, 1.0, 1.0, 2000.0, 1999.0], [19114771.853114214, 38229543706.22841, 4000000.0, 0.0005000000000000002, 4.0, 0.0]]
[2024-02-22T14:17:09];ssb/q41;2,0,1,3;3;[[19114771.853114214, 2406, 64, 46448.0, 5, 4.0, 19920101.0, 19980802.0, 60701.0], [2557.0, 2557, 64, 11048.0, 5, 1.0, 19920101.0, 19981231.0, 61130.0], [34668488.33823443, 48876471628.41305, 6152142.0, 0.0007093083273646296, 5.0, 0.0]]
[2024-02-22T14:17:10];ssb/q42;2,0,1,3;2;[[6001173.0, 200000, 64, 5072.0, 5, 1.0, 1.0, 200000.0, 199999.0], [79720.0, 200000, 64, 14520.0, 5, 1.0, 1.0, 200000.0, 199999.0], [86114229.5919968, 478413511560.0, 40000000000.0, 0.00017999957674940547, 2.0, 0.0]]
[2024-02-22T14:17:10];ssb/q42;2,0,1,3;0;[[86114229.5919968, 20000, 64, 19592.0, 5, 2.0, 1.0, 29999.0, 29998.0], [5992.0, 30000, 64, 14456.0, 5, 1.0, 1.0, 30000.0, 29999.0], [101136359.01118624, 515996463715.2449, 600000000.0, 0.0001960020390120325, 3.0, 0.0]]
[2024-02-22T14:17:10];ssb/q42;2,0,1,3;1;[[101136359.01118624, 2000, 64, 34048.0, 5, 3.0, 1.0, 2000.0, 1999.0], [378.0, 2000, 64, 12400.0, 5, 1.0, 1.0, 2000.0, 1999.0], [19114771.853114214, 38229543706.2284, 4000000.0, 0.0005000000000000003, 4.0, 0.0]]
[2024-02-22T14:17:10];ssb/q42;2,0,1,3;3;[[19114771.853114214, 2406, 64, 46448.0, 5, 4.0, 19920101.0, 19980802.0, 60701.0], [730.5714285714286, 2557, 64, 11048.0, 5, 1.0, 19920101.0, 19981231.0, 61130.0], [9905282.382352693, 13964706179.546583, 6152142.0, 0.0007093083273646295, 5.0, 0.0]]
[2024-02-22T14:17:12];ssb/q43;2,0,1,3;2;[[6001173.0, 200000, 64, 5072.0, 5, 1.0, 1.0, 200000.0, 199999.0], [8040.0, 200000, 64, 14520.0, 5, 1.0, 1.0, 200000.0, 199999.0], [8684877.143999679, 48249430920.0, 40000000000.0, 0.0001799995767494055, 2.0, 0.0]]
[2024-02-22T14:17:12];ssb/q43;2,0,1,3;0;[[8684877.143999679, 20000, 64, 19592.0, 5, 2.0, 1.0, 29999.0, 29998.0], [5992.0, 30000, 64, 14456.0, 5, 1.0, 1.0, 30000.0, 29999.0], [10199903.743727265, 52039783846.84608, 600000000.0, 0.00019600203901203253, 3.0, 0.0]]
[2024-02-22T14:17:12];ssb/q43;2,0,1,3;1;[[10199903.743727265, 2000, 64, 34048.0, 5, 3.0, 1.0, 2000.0, 1999.0], [76.0, 2000, 64, 12400.0, 5, 1.0, 1.0, 2000.0, 1999.0], [387596.34226163634, 775192684.5232722, 4000000.0, 0.0005000000000000003, 4.0, 0.0]]
[2024-02-22T14:17:12];ssb/q43;2,0,1,3;3;[[387596.34226163634, 2406, 64, 46448.0, 5, 4.0, 19920101.0, 19980802.0, 60701.0], [730.5714285714286, 2557, 64, 11048.0, 5, 1.0, 19920101.0, 19981231.0, 61130.0], [200852.57883122642, 283166813.475144, 6152142.0, 0.0007093083273646294, 5.0, 0.0]]
[2024-02-22T14:17:13];ssb/q41;1,0,2,3;1;[[6001173.0, 2000, 64, 5072.0, 5, 1.0, 1.0, 2000.0, 1999.0], [378.0, 2000, 64, 12400.0, 5, 1.0, 1.0, 2000.0, 1999.0], [1134221.6970000006, 2268443394.0, 4000000.0, 0.0005000000000000002, 2.0, 0.0]]
[2024-02-22T14:17:13];ssb/q41;1,0,2,3;0;[[1134221.6970000006, 20000, 64, 17472.0, 5, 2.0, 1.0, 29999.0, 29998.0], [5992.0, 30000, 64, 14456.0, 5, 1.0, 1.0, 30000.0, 29999.0], [1332080.1136996977, 6796256408.424004, 600000000.0, 0.00019600203901203253, 3.0, 0.0]]
[2024-02-22T14:17:13];ssb/q41;1,0,2,3;2;[[1332080.1136996977, 200000, 64, 31928.0, 5, 3.0, 1.0, 200000.0, 199999.0], [79720.0, 200000, 64, 14520.0, 5, 1.0, 1.0, 200000.0, 199999.0], [19114771.853114214, 106193426664.1399, 40000000000.0, 0.0001799995767494055, 4.0, 0.0]]
[2024-02-22T14:17:13];ssb/q41;1,0,2,3;3;[[19114771.853114214, 2406, 64, 46448.0, 5, 4.0, 19920101.0, 19980802.0, 60701.0], [2557.0, 2557, 64, 11048.0, 5, 1.0, 19920101.0, 19981231.0, 61130.0], [34668488.338234425, 48876471628.41305, 6152142.0, 0.0007093083273646294, 5.0, 0.0]]
[2024-02-22T14:17:14];ssb/q42;1,0,2,3;1;[[6001173.0, 2000, 64, 5072.0, 5, 1.0, 1.0, 2000.0, 1999.0], [378.0, 2000, 64, 12400.0, 5, 1.0, 1.0, 2000.0, 1999.0], [1134221.6970000006, 2268443394.0, 4000000.0, 0.0005000000000000002, 2.0, 0.0]]
[2024-02-22T14:17:14];ssb/q42;1,0,2,3;0;[[1134221.6970000006, 20000, 64, 17472.0, 5, 2.0, 1.0, 29999.0, 29998.0], [5992.0, 30000, 64, 14456.0, 5, 1.0, 1.0, 30000.0, 29999.0], [1332080.1136996977, 6796256408.424004, 600000000.0, 0.00019600203901203253, 3.0, 0.0]]
[2024-02-22T14:17:14];ssb/q42;1,0,2,3;2;[[1332080.1136996977, 200000, 64, 31928.0, 5, 3.0, 1.0, 200000.0, 199999.0], [79720.0, 200000, 64, 14520.0, 5, 1.0, 1.0, 200000.0, 199999.0], [19114771.853114214, 106193426664.1399, 40000000000.0, 0.0001799995767494055, 4.0, 0.0]]
[2024-02-22T14:17:14];ssb/q42;1,0,2,3;3;[[19114771.853114214, 2406, 64, 46448.0, 5, 4.0, 19920101.0, 19980802.0, 60701.0], [730.5714285714286, 2557, 64, 11048.0, 5, 1.0, 19920101.0, 19981231.0, 61130.0], [9905282.382352691, 13964706179.546583, 6152142.0, 0.0007093083273646294, 5.0, 0.0]]
[2024-02-22T14:17:15];ssb/q43;1,0,2,3;1;[[6001173.0, 2000, 64, 5072.0, 5, 1.0, 1.0, 2000.0, 1999.0], [76.0, 2000, 64, 12400.0, 5, 1.0, 1.0, 2000.0, 1999.0], [228044.57400000014, 456089148.0, 4000000.0, 0.0005000000000000003, 2.0, 0.0]]
[2024-02-22T14:17:15];ssb/q43;1,0,2,3;0;[[228044.57400000014, 20000, 64, 17472.0, 5, 2.0, 1.0, 29999.0, 29998.0], [5992.0, 30000, 64, 14456.0, 5, 1.0, 1.0, 30000.0, 29999.0], [267825.6313258651, 1366443087.408001, 600000000.0, 0.00019600203901203248, 3.0, 0.0]]
[2024-02-22T14:17:15];ssb/q43;1,0,2,3;2;[[267825.6313258651, 200000, 64, 31928.0, 5, 3.0, 1.0, 200000.0, 199999.0], [8040.0, 200000, 64, 14520.0, 5, 1.0, 1.0, 200000.0, 199999.0], [387596.3422616363, 2153318075.8599553, 40000000000.0, 0.00017999957674940553, 4.0, 0.0]]
[2024-02-22T14:17:15];ssb/q43;1,0,2,3;3;[[387596.3422616363, 2406, 64, 46448.0, 5, 4.0, 19920101.0, 19980802.0, 60701.0], [730.5714285714286, 2557, 64, 11048.0, 5, 1.0, 19920101.0, 19981231.0, 61130.0], [200852.57883122636, 283166813.47514397, 6152142.0, 0.0007093083273646294, 5.0, 0.0]]
